<?xml version="1.0" encoding="UTF-8"?>
<serviceTemplates syntaxversion="2.1.0.0" xmlns="http://www.n-able.com"
    xmlns:xsi="http://www.w3.org/2001/XMLSchema-instance" xsi:schemaLocation="http://www.n-able.com file:///opt/nable/var/ncsai/etc/servicetemplate_v2_1_0_0.xsd">
    <serviceTemplate id="-1" version="2.1.0.0">
        <name>AV Health - Laptops</name>
        <description>Determines Sophos AV Status and alerts for installed Competitor AV Products	</description>
        <deviceClass>Laptop - Windows</deviceClass>
        <removesServices>false</removesServices>
        <services>
            <service autoReapply="false" id="1099510"
                isCustomService="true" name="AV Health">
                <configurationName>AV Health</configurationName>
                <action actionId="2"/>
                <parameters>
                    <parameter key="serviceIdentifier"
                        parameterId="281046384" type="2"
                        useAssetInfo="false" useDefaultValue="true" value="Sophos"/>
                    <parameter key="scan_interval"
                        parameterId="489629590" type="2"
                        useAssetInfo="false" useDefaultValue="true" value="0 0/15 * * * ? *"/>
                    <parameter key="i_PAV" parameterId="1165023444"
                        type="2" useAssetInfo="false"
                        useDefaultValue="true" value="Sophos"/>
                </parameters>
                <thresholds>
                    <threshold detailName="SD1099510_AVCon"
                        monitoringType="Default" taskState="3"
                        valueHigh="1" valueLow="1" valueString="0" valueStringEval="match"/>
                    <threshold detailName="SD1099510_AVCon"
                        monitoringType="Default" taskState="4"
                        valueHigh="0" valueLow="0" valueString="0" valueStringEval="match"/>
                    <threshold detailName="SD1099510_AVName"
                        monitoringType="Default" taskState="3"
                        valueHigh="1" valueLow="1" valueString="Sophos" valueStringEval="contain"/>
                    <threshold detailName="SD1099510_AVName"
                        monitoringType="Default" taskState="5"
                        valueHigh="0" valueLow="0" valueString="Sophos" valueStringEval="contain"/>
                    <threshold detailName="SD1099510_AVPath"
                        monitoringType="Default" taskState="3"
                        valueHigh="1" valueLow="1" valueString="Sophos" valueStringEval="contain"/>
                    <threshold detailName="SD1099510_AVPath"
                        monitoringType="Default" taskState="5"
                        valueHigh="0" valueLow="0" valueString="Sophos" valueStringEval="contain"/>
                    <threshold detailName="SD1099510_AVStatus"
                        monitoringType="Default" taskState="3"
                        valueHigh="0" valueLow="0" valueString="False" valueStringEval="contain"/>
                    <threshold detailName="SD1099510_AVStatus"
                        monitoringType="Default" taskState="4"
                        valueHigh="1" valueLow="1" valueString="False" valueStringEval="contain"/>
                    <threshold detailName="SD1099510_AVVersion"
                        monitoringType="Default" taskState="3"
                        valueHigh="1" valueLow="1" valueString="." valueStringEval="contain"/>
                    <threshold detailName="SD1099510_AVVersion"
                        monitoringType="Default" taskState="5"
                        valueHigh="0" valueLow="0" valueString="." valueStringEval="contain"/>
                    <threshold detailName="SD1099510_CompAV"
                        monitoringType="Off" taskState="3" valueHigh="1"
                        valueLow="1" valueString="Windows Defender" valueStringEval="contain"/>
                    <threshold detailName="SD1099510_CompAV"
                        monitoringType="Off" taskState="4" valueHigh="0"
                        valueLow="0" valueString="Windows Defender" valueStringEval="contain"/>
                    <threshold detailName="SD1099510_CompPath"
                        monitoringType="Off" taskState="3" valueHigh="1"
                        valueLow="1" valueString="windowsdefender://" valueStringEval="contain"/>
                    <threshold detailName="SD1099510_CompPath"
                        monitoringType="Off" taskState="4" valueHigh="0"
                        valueLow="0" valueString="windowsdefender://" valueStringEval="contain"/>
                    <threshold detailName="SD1099510_DefStatus"
                        monitoringType="Default" taskState="3"
                        valueHigh="1" valueLow="1"
                        valueString="Up to date" valueStringEval="contain"/>
                    <threshold detailName="SD1099510_DefStatus"
                        monitoringType="Default" taskState="5"
                        valueHigh="0" valueLow="0"
                        valueString="Up to date" valueStringEval="contain"/>
                    <threshold detailName="SD1099510_Infect"
                        monitoringType="Off" taskState="3" valueHigh="0"
                        valueLow="0" valueString="True" valueStringEval="contain"/>
                    <threshold detailName="SD1099510_Infect"
                        monitoringType="Off" taskState="4" valueHigh="1"
                        valueLow="1" valueString="True" valueStringEval="contain"/>
                    <threshold detailName="SD1099510_RTState"
                        monitoringType="Default" taskState="3"
                        valueHigh="1" valueLow="1" valueString="Enabled" valueStringEval="contain"/>
                    <threshold detailName="SD1099510_RTState"
                        monitoringType="Default" taskState="5"
                        valueHigh="0" valueLow="0" valueString="Enabled" valueStringEval="contain"/>
                    <threshold detailName="SD1099510_Threat"
                        monitoringType="Off" taskState="3" valueHigh="1"
                        valueLow="1" valueString="N/A" valueStringEval="contain"/>
                    <threshold detailName="SD1099510_Threat"
                        monitoringType="Off" taskState="4" valueHigh="0"
                        valueLow="0" valueString="N/A" valueStringEval="contain"/>
                </thresholds>
                <selfHealing>
                    <selfHealingProperty
                        key="retryMonitoringBeforeSelfHeal" value="false"/>
                    <selfHealingProperty key="executeSelfHeal" value="false"/>
                    <selfHealingProperty
                        key="retryMonitoringIntervalAfterSelfHeal" value="10"/>
                    <selfHealingProperty
                        key="retryMonitoringCountAfterSelfHeal" value="3"/>
                    <selfHealingProperty key="selectedAutomationPolicy" value=""/>
                    <selfHealingProperty key="notificationType" value="FollowStandardNotificationRules"/>
                    <selfHealingProperty
                        key="retryMonitoringCountBeforeSelfHeal" value="3"/>
                    <selfHealingProperty key="waitIntervalAfterSelfHeal" value="3"/>
                    <selfHealingProperty key="selectedStatuses" value=""/>
                    <selfHealingProperty
                        key="retryMonitoringIntervalBeforeSelfHeal" value="10"/>
                </selfHealing>
            </service>
        </services>
    </serviceTemplate>
</serviceTemplates>
